{
  "version": "1.0",
  "defaultProvider": "cdnjs",
  "libraries": [
    {
      "library": "bootstrap@5.2.0",
      "destination": "wwwroot/lib/bootstrap/",
      "files": [
        "css/bootstrap.min.css",
        "js/bootstrap.bundle.min.js"
      ]
    },
    {
      "library": "microsoft-signalr@6.0.8",
      "destination": "wwwroot/lib/microsoft-signalr/",
      "files": [
        "signalr.min.js",
        "signalr.js"
      ]
    },
    {
      "library": "knockout@3.5.1",
      "destination": "wwwroot/lib/knockout/"
    }
  ]
}